coursecode,name,department,prereqcode,coreqcode
MAC 1147,Precalculus Algebra,Mathematics,,
MAC 2311,Calculus with Analytic Geometry 1,Mathematics,MAC 1147,
MAC 2312,Calculus with Analytic Geometry 2,Mathematics,MAC 2311,
MAC 2313,Calculus with Analytic Geometry 3,Mathematics,MAC 2312,
MAP 2302,Elementary Differential Equations,Mathematics,MAC 2313,
BSC 2010,Integrated Principles of Biology 1,Biology,,
BSC 2011,Integrated Principles of Biology 2,Biology,BSC 2010,
CHM 2045,General Chemistry 1,Chemistry,MAC 1147,
CHM 2045L,General Chemistry 1 Laboratory,Chemistry,CHM 2045,
CHM 2046,General Chemistry 2,Chemistry,CHM 2045,
CHM 2046L,General Chemistry 2 Laboratory,Chemistry,CHM 2046,
CHM 2095,Chemistry for Engineers,Chemistry,MAC 1147,
CHM 2095L,Chemistry for Engineers Laboratory,Chemistry,CHM 2095,
CHM 2096,Chemistry for Engineers 2,Chemistry,CHM 2095,
CHM 2096L,Chemistry for Engineers 2 Laboratory,Chemistry,CHM 2096,
CHM 2210,Organic Chemistry 1,Chemistry,CHM 2046,
CHM 2211,Organic Chemistry 2,Chemistry,CHM 2210,
CHM 3217,Orgoanic/Biochemistry for Engineers,Chemistry,CHM 2046,
CHM 3218,Organic/Biochemistry for Engineers 2,Chemistry,CHM 3217,
PHY 2048,General Physics with Calculus 1,Physics,MAC 2313,
PHY 2049,General Physics with Calculus 2,Physics,PHY 2048,
PHY 2048L,General Physics with Calculus 1 Laboratory,Physics,PHY 2048,
PHY 2049L,General Physics with Calculus 2 Laboratory,Physics,PHY 2049,
ABE 2012C,Introduction to Biological Engineering,Agricultural & Biological Eng.,MAC 2311,
ABE 3000C,Applications in Biological Engineering,Agricultural & Biological Eng.,BSC 2010,
ABE 3212C,Land and Water Resources Engineering,Agricultural & Biological Eng.,ENV 3040C; CGN 3421; COP 2271; COP 2271L; MAP 2302,
ABE 3612C,Heat and Mass Transfer in Biological Systems,Agricultural & Biological Eng.,,ENV 3040C; CGN 3421; COP 2271; COP 2271L
ABE 3652C,Physical and Rheological Properties of Biological Materials,Agricultural & Biological Eng.,CHM 2045; MAC 2313; PHY 2048,
ABE 4008,Control Methods in SmartAg Systems,Agricultural & Biological Eng.,MAP 2302; PHY 2048,EGM 3400
ABE 4033,Fundamentals and Applications of Biosensors,Agricultural & Biological Eng.,MAP 2302; BSC 2010; CHM 2200,
ABE 4034,"Remote Sensing in Engineering: Science, Sensors and Applications",Agricultural & Biological Eng.,MAP 2302,
ABE 4042C,Biological Engineering Design 1,Agricultural & Biological Eng.,ABE 2012C,
ABE 4043C,Biological Engineering Design 2,Agricultural & Biological Eng.,ABE 4042C,
ABE 4171,Power and Machines for Biological Systems,Agricultural & Biological Eng.,EGM 3520; EGM 3400; EGM 3401,
ABE 4231C,Irrigation and Drainage Engineering,Agricultural & Biological Eng.,ABE 3212C,
ABE 4320,Controlled Environment Agriculture Systems Design,Agricultural & Biological Eng.,MAC 1147,
ABE 4413C,Post-Harvest Operations Engineering,Agricultural & Biological Eng.,ABE 3612C,
ABE 4630,Life Cycle Assessment in Water-Energy-Food Systems,Agricultural & Biological Eng.,,
ABE 4641,Modeling Coupled Natural-Human Systems,Agricultural & Biological Eng.,MAC 2312,
ABE 4655C,Bio-Based Products from Renewable Resources,Agricultural & Biological Eng.,CHM 2045; CHM 2095; CHM 2046; CHM 2096,
ABE 4662,Quantification of Biological Processes,Agricultural & Biological Eng.,BSC 2010; EGN 3353C; CWR 3201,
ABE 4812,Food and Bioprocess Engineering Unit Operations,Agricultural & Biological Eng.,ABE 3612C; CWR 3201; EGN 3353C,
ABE 4905,Individual Study in Biological Engineering,Agricultural & Biological Eng.,,
ABE 4912,Integrated Product and Processing Design 1 in Biological Engineering,Agricultural & Biological Eng.,,
ABE 4913,Integrated Product and Process Design 2 in Biological Engineering,Agricultural & Biological Eng.,ABE 4912,
ABE 4931,Professional Issues in Agricultural and Biological Engineering,Agricultural & Biological Eng.,,
ABE 4932,Special Topics,Agricultural & Biological Eng.,,
ABE 4935,Writing Grant Proposals for Scholarships and Fellowships,Agricultural & Biological Eng.,,
ABE 4949,Work Experience in Biological Engineering,Agricultural & Biological Eng.,,
AOM 2063,Chocolate Science and Engineering for a More Just Society,Agricultural & Biological Eng.,,
ATT 2100,Learn to Fly,Mechanical & Aerospace Engineering,PHY 2048,
BME 1008,Introduction to Biomedical Engineering,Biomedical Engineering,,
BME 1930,Special Topics in Biomedical Engineering,Biomedical Engineering,,
BME 2202,Engineering Statics and Dynamics in Biological Systems,Biomedical Engineering,PHY 2049; MAC 2313,
BME 2402,Introduction to Biomolecular Engineering,Chemical Engineering,CHM 2045; CHM 2095; CHM 2050,CHM 2046; CHM 2096; CHM 2051
BME 3012,Clinically-Inspired Engineering Design,Biomedical Engineering,BME 3060; PCB 3713C,BME 3101; EGM 2511
BME 3053C,Computer Applications for BME,Biomedical Engineering,COP 2271; COP 2271L; MAC 2312,
BME 3060,Biomedical Fundamentals,Biomedical Engineering,CHM 2046; CHM 2096; MAC 2313,PHY 2049; MAP 2302; BME 1008
BME 3101,Biomedical Materials,Biomedical Engineering,BME 3060; CHM 3217,
BME 3219,Engineering Analysis of Musculoskeletal Biomechanics,Biomedical Engineering,COP 2271; EGM 2511,
BME 3234,Mechanical Behavior of Biological Tissues and Systems,Biomedical Engineering,BME 3060; EGM 2511,
BME 3323L,Cellular Engineering Laboratory,Biomedical Engineering,PCB 3713C,BME 4311
BME 3508,Biosignals and Systems,Biomedical Engineering,EEL 3003; EEL 3111C; MAC 2313,
BME 3941,Internship Experience in Biomedical Engineering,Biomedical Engineering,,
BME 4160,Magnetic Biomaterials,Biomedical Engineering,PHY 2048; CHM 2046; CHM 2096,
BME 4220,Biomolecular Cell Mechanics,Chemical Engineering,PHY 2048,
BME 4311,Molecular Biomedical Engineering,Biomedical Engineering,BSC 2010; CHM 3217; CHM 2210; PCB 3713C,
BME 4321,Dynamics of Cellular Processes,Chemical Engineering,,
BME 4361,Neural Engineering,Biomedical Engineering,BME 3508; EEL 3135,
BME 4409,Quantitative Physiology,Biomedical Engineering,PCB 3713C; BME 3053C; BME 3060; BME 3508,
BME 4503C,Biomedical Instrumentation,Biomedical Engineering,MAC 2313; MAP 2302; PHY 2049; EEL 3003; EEL 3111C,BME 4503L
BME 4503L,Biomedical Instrumentation Laboratory,Biomedical Engineering,MAC 2313; MAP 2302; PHY 2049; EEL 3003; EEL 3111C,BME 3508
BME 4531,Medical Imaging,Biomedical Engineering,MAC 2313; MAP 2302; PHY 2049; BME 3053C; BME 3508,
BME 4621,Biomolecular Thermodynamics and Kinetics,Biomedical Engineering,CHM 3217; CHM 2210; CHM 2211; BME 3060; BME 4311; BCH 4024,
BME 4632,Biomedical Transport Phenomena,Biomedical Engineering,BME 3060,
BME 4648,Biomaterials for Drug Delivery,Biomedical Engineering,BME 3060,BME 4632
BME 4760,Biomedical Data Science,Biomedical Engineering,BME 3053C; COP 2271; COP 2271L; STA 2023; STA 3032,
BME 4882,"Senior Design, Professionalism and Ethics 1",Biomedical Engineering,BME 3012,
BME 4883,"Senior Design, Professionalism and Ethics 2",Biomedical Engineering,BME 4882; ENC 3246,
BME 4931,Special Topics in Biomedical Engineering,Biomedical Engineering,,
CAI 4104,Machine Learning Engineering,Computer & Info. Science & Eng.,COP 3530,
CAP 3020,Theory and Practice of Multimedia Production,Computer & Info. Science & Eng.,CAP 3027,
CAP 3027,Introduction to Computational Media,Computer & Info. Science & Eng.,COP 3504; COP 3503,
CAP 3032,Interactive Modeling and Animation 1,Computer & Info. Science & Eng.,MAC 1147,
CAP 3034,Introduction to Computer-Aided Animation,Computer & Info. Science & Eng.,MAC 1147,
CAP 3220,Introduction to Computer-Aided Modeling,Computer & Info. Science & Eng.,MAC 1147,
CAP 4053,Artificial Intelligence for Computer Games,Computer & Info. Science & Eng.,COP 3530,
CAP 4112,Generating Expressiveness in Intelligent Agents and Avatars,Computer & Info. Science & Eng.,COP 3530,
CAP 4136,Malware Reverse Engineering,Computer & Info. Science & Eng.,CDA 3101,
CAP 4174,3D Audio for Interfaces,Computer & Info. Science & Eng.,COP 3503; COP 3504,
CAP 4410,Computer Vision,Computer & Info. Science & Eng.,COT 4501; MAD 4401; COT 3100,
CAP 4613,Deep Learning for Computer Graphics,Computer & Info. Science & Eng.,COP 3530; MAS 3114; MAS 4105,
CAP 4621,Artificial Intelligence and Heuristics,Computer & Info. Science & Eng.,COP 3530,
CAP 4641,Natural Language Processing,Computer & Info. Science & Eng.,COP 3530,
CAP 4730,Computational Structures in Computer Graphics,Computer & Info. Science & Eng.,COP 3530,
CAP 4770,Introduction to Data Science,Computer & Info. Science & Eng.,COP 3530,
CAP 4773,Projects Data Science,Computer & Info. Science & Eng.,CAP 4770,
CCE 4015,Civil Engineering Estimating,Civil & Coastal Engineering,CGN 4160,
CCE 4204,"Construction Equipment, Methods and Management",Civil & Coastal Engineering,,CGN 4101
CCE 4521C,Engineering and Construction Analytics using BIM,Civil & Coastal Engineering,EGM 2511,
CCE 4811,Construction Engineering Design,Civil & Coastal Engineering,CGN 4160; EIN 3354,
CDA 3101,Introduction to Computer Organization,Computer & Info. Science & Eng.,MAC 2233; MAC 2311; MAC 3472; COT 3100,
CDA 4102,Computer Architecture,Computer & Info. Science & Eng.,CDA 3101; COP 3530,
CDA 4324C,Cyber-physical System Security,Computer & Info. Science & Eng.,COP 3530,
CDA 4630,Embedded Systems,Computer & Info. Science & Eng.,CDA 3101,
CEG 4011,Soil Mechanics,Civil & Coastal Engineering,EGM 3520,
CEG 4012,Geotechnical Engineering,Civil & Coastal Engineering,CEG 4011,
CEG 4104,Retaining Wall and Embankment Design,Civil & Coastal Engineering,CEG 4012,
CEG 4111,Foundation Engineering Design,Civil & Coastal Engineering,CEG 4012,
CEN 3031,Introduction to Software Engineering,Computer & Info. Science & Eng.,COP 3530,
CEN 3913,Computer and Information Science and Engineering Design 1,Computer & Info. Science & Eng.,CEN 3031,
CEN 4072,Software Testing and Verification,Computer & Info. Science & Eng.,CEN 3031,
CEN 4721,Human-Computer Interaction,Computer & Info. Science & Eng.,COP 3530,
CEN 4722,User Experience Design,Computer & Info. Science & Eng.,COP 3530,
CEN 4725,Natural User Interaction,Computer & Info. Science & Eng.,COP 3530,
CEN 4730,Human-Centered Input Recognition Algorithms,Computer & Info. Science & Eng.,COP 3530,
CEN 4907C,Computer Engineering Design 1,Computer & Info. Science & Eng.,CEN 3031,COP 4600
CEN 4908C,Computer Engineering Design 2,Computer & Info. Science & Eng.,CEN 3907C,
CEN 4914,Computer and Information Science and Engineering Design 2,Computer & Info. Science & Eng.,CEN 3913,
CES 3102,Mechanics of Engineering Structures,Civil & Coastal Engineering,EGM 3520,
CES 4605,Analysis and Design in Steel,Civil & Coastal Engineering,CES 3102; CGN 3501C,
CES 4702,Analysis and Design in Reinforced Concrete,Civil & Coastal Engineering,CES 3102; CGN 3501C,
CGN 2002,Introduction to Civil Engineering,Civil & Coastal Engineering,,
CGN 2328,Technical Drawing and Visualization,Engineering (General),,
CGN 3421,Computer Methods in Civil Engineering,Civil & Coastal Engineering,COP 2271; COP 2273,
CGN 3501C,Civil Engineering Materials,Civil & Coastal Engineering,,EGM 3520
CGN 3510,Introduction to Sustainable Engineering,Civil & Coastal Engineering,,
CGN 3710,Experimentation and Instrumentation in Civil Engineering,Civil & Coastal Engineering,PHY 2049,
CGN 4101,Civil Engineering Cost Analysis,Civil & Coastal Engineering,,
CGN 4160,Civil Engineering Practice,Civil & Coastal Engineering,EGM 2511,CGN 2328
CGN 4304,Machine Learning Applications in Civil Engineering,Civil & Coastal Engineering,CGN 3421,
CGN 4404,Applied Data Science in Civil and Environmental Engineering,Civil & Coastal Engineering,CGN 3421; ENV 3040C,
CGN 4503,Pavement Design,Civil & Coastal Engineering,CGN 3501C,
CGN 4600,Public Works Engineering and Management Practices,Civil & Coastal Engineering,CGN 4160,
CGN 4806,Transportation-Water-Materials Design,Civil & Coastal Engineering,,
CGN 4851C,Concrete Mixture Design,Civil & Coastal Engineering,CGN 3501C,
CGN 4905,Special Problems in Civil Engineering,Civil & Coastal Engineering,,
CGN 4910,Structures-Geotechnical-Construction Comprehensive System Design,Civil & Coastal Engineering,,
CGN 4949,Co-op Work Experience,Civil & Coastal Engineering,,
CGS 2032,"Math, Art and Computing",Computer & Info. Science & Eng.,MAC 1147,
CGS 2531,Problem Solving Using Computer Software,Engineering (General),,
CGS 3063,Computers and Modern Society,Computer & Info. Science & Eng.,COP 3502C,
CGS 3065,Legal and Social Issues in Computing,Computer & Info. Science & Eng.,COP 3502C,
CGS 4144,Introduction to Bioinformatic Algorithms,Computer & Info. Science & Eng.,COT 3100; COP 3503C; COP 3504C,
CGS 4853C,Introduction to Web Development and Design,Computer & Info. Science & Eng.,COP 3502; COP 3503,
CIS 4204,Penetration Testing: Ethical Hacking,Computer & Info. Science & Eng.,COP 3530,
CIS 4213,Enterprise Security,Computer & Info. Science & Eng.,COP 3530,
CIS 4301,Information and Database Systems 1,Computer & Info. Science & Eng.,COT 3100,
CIS 4360,Computer and Information Security,Computer & Info. Science & Eng.,CDA 3101,
CIS 4362,Introduction to Cryptology,Computer & Info. Science & Eng.,COT 3100,
CIS 4715,CS Teaching & Learning,Computer & Info. Science & Eng.,COP 3504C,
CIS 4905,Individual Study in CISE,Computer & Info. Science & Eng.,COP 3502C,
CIS 4912C,Integrated Product and Process Design 1,Computer & Info. Science & Eng.,CDA 3101; COP 3530; COT 3100,
CIS 4913C,Integrated Product and Process Design 2,Computer & Info. Science & Eng.,CIS 4912C,
CIS 4914,Senior Project,Computer & Info. Science & Eng.,,
CIS 4930,Special Topics in CISE,Computer & Info. Science & Eng.,COP 3503C; COP 3504C,
CIS 4940,Practical Work,Computer & Info. Science & Eng.,COP 3502C,
CIS 4949,Co-Op Work in CISE,Computer & Info. Science & Eng.,COP 3502C,
CIS 4956,Overseas Studies 1,Computer & Info. Science & Eng.,COP 3502C,
CNT 4007,Computer Network Fundamentals,Computer & Info. Science & Eng.,COP 3530,COP 4600
CNT 4520,Introduction to Mobile Networking,Computer & Info. Science & Eng.,COP 3502C; COP 3503C,
CNT 4731,Multimedia Networking Principles,Computer & Info. Science & Eng.,CNT 4007,
COP 2271,Computer Programming for Engineers,Computer & Info. Science & Eng.,MAC 2312,
COP 2271L,Computer Programming for Engineers Laboratory,Industrial & Systems Engineering,MAC 2312,COP 2271
COP 2273,Python Programming for Engineers,Engineering (General),MAC 2311,
COP 2274,C++ Programming for Engineers,Engineering (General),,MAC 2311
COP 2800,Computer Programming Using JAVA,Computer & Info. Science & Eng.,MAC 1147,
COP 3013,Programming Language Survey,Computer & Info. Science & Eng.,MAC 1147; COP 3502C,
COP 3275,Computer Programming Using C,Computer & Info. Science & Eng.,MAC 1147,
COP 3502C,Programming Fundamentals 1,Computer & Info. Science & Eng.,,MAC 2311
COP 3503C,Programming Fundamentals 2,Computer & Info. Science & Eng.,COP 3502C; MAC 2311,
COP 3504C,Advanced Programming Fundamentals for CIS Majors,Computer & Info. Science & Eng.,MAC 2311; MAC 3472,
COP 3530,Data Structures and Algorithm,Computer & Info. Science & Eng.,COT 3100; MAC 2234; MAC 2312; MAC 3473,
COP 4020,Programming Language Concepts,Computer & Info. Science & Eng.,COP 3530,
COP 4331,Object-oriented Programming,Computer & Info. Science & Eng.,COP 3530,
COP 4533,Algorithm Abstraction and Design,Computer & Info. Science & Eng.,COP 3530,
COP 4554,Programming Language Inquiry,Computer & Info. Science & Eng.,COP 3503C,
COP 4600,Operating Systems,Computer & Info. Science & Eng.,CDA 3101; COP 3530,
COP 4620,Translators and Translator Writing Systems,Computer & Info. Science & Eng.,COP 3530,
COP 4720,Information and Database Systems 2,Computer & Info. Science & Eng.,CIS 4301; COP 3530,
COT 3100,Applications of Discrete Structures,Computer & Info. Science & Eng.,MAC 2311; MAC 3472; COP 3502C,COP 3504; COP 3503
COT 3502,Computational Methods for Chemical Engineers,Chemical Engineering,COP 2273; MAP 2302; MAC 2313,
COT 4501,Numerical Analysis: a Computational Approach,Computer & Info. Science & Eng.,MAS 3114,
CWR 3201,Hydrodynamics,Civil & Coastal Engineering,MAP 2302; EGM 2511,
CWR 4202,Hydraulics,Civil & Coastal Engineering,CWR 3201,
CWR 4306,Urban Stormwater Systems Design,Civil & Coastal Engineering,,CWR 4202
CWR 4542,Water Resources Engineering,Civil & Coastal Engineering,CWR 4202,
EAS 2011,Introduction to Aerospace Engineering,Mechanical & Aerospace Engineering,PHY 2048; PHY 2060,
EAS 4101,Aerodynamics,Mechanical & Aerospace Engineering,EAS 2011; EGN 3353C; COP 2271; EML 3100; MAC 2313; MAP 2302,
EAS 4132,Compressible Flow,Mechanical & Aerospace Engineering,EAS 4101; EGN 3353C,
EAS 4200,Aerospace Structures,Mechanical & Aerospace Engineering,EGM 3520,
EAS 4240,Aerospace Composites,Mechanical & Aerospace Engineering,EGM 3520,
EAS 4300,Aerospace Propulsion,Mechanical & Aerospace Engineering,EAS 4132,
EAS 4400,Stability and Control of Aircraft,Mechanical & Aerospace Engineering,EAS 4101; EML 4312,
EAS 4412,Dynamics and Control of Space Vehicles,Mechanical & Aerospace Engineering,MAP 4305; MAP 5304,
EAS 4510,Astrodynamics,Mechanical & Aerospace Engineering,EGM 3401; MAP 4305; MAP 5304,
EAS 4530,Space Systems Design,Mechanical & Aerospace Engineering,EAS 4510,
EAS 4700,Aerospace Design 1,Mechanical & Aerospace Engineering,EAS 4510; EML 4312; EGM 3520,
EAS 4710,Aerospace Design 2,Mechanical & Aerospace Engineering,EAS 4101; EAS 4400; EGM 3520,
EAS 4810C,Aerospace Sciences Lab and Design,Mechanical & Aerospace Engineering,EAS 4101; EAS 4132; EML 3301C,
EAS 4905,Individual Study in Aerospace Engineering,Mechanical & Aerospace Engineering,,
EAS 4912,Integrated Product and Process Design 1,Mechanical & Aerospace Engineering,EAS 4101; EGM 3520; EML 3301C,
EAS 4913,Integrated Product and Process Design 2,Mechanical & Aerospace Engineering,EAS 4912,
EAS 4939,Special Topics in Aerospace Engineering,Mechanical & Aerospace Engineering,,
EAS 4949,Co-op Work Experience,Mechanical & Aerospace Engineering,,
ECH 2934,Professional Development of Chemical Engineers,Chemical Engineering,,
ECH 3023,Material and Energy Balances,Chemical Engineering,CHM 2045; CHM 2095; CHM 2050; MAC 2312; PHY 2048,CHM 2046; CHM 2096; CHM 2051; MAC 2313; MAP 2302; ECH 2934
ECH 3101,Process Thermodynamics,Chemical Engineering,COP 2273; ECH 3023,COT 3502
ECH 3203,Fluid and Solid Operations,Chemical Engineering,COT 3502; ECH 3264,
ECH 3223,Energy Transfer Operations,Chemical Engineering,COT 3502; ECH 3264,
ECH 3264,Elementary Transport Phenomena,Chemical Engineering,ECH 3023; MAP 2302; MAC 2313,
ECH 4123,Phase and Chemical Equilibria,Chemical Engineering,ECH 3101,
ECH 4224L,Fluid and Energy Transfer Operations Laboratory,Chemical Engineering,ECH 3101; ECH 3203; ECH 3223; STA 3032; STA 2023,ECH 4714; ENC 2256
ECH 4323,Process Control Theory,Chemical Engineering,COT 3502,ECH 4323L
ECH 4323L,Process Control Laboratory,Chemical Engineering,COT 3502,ECH 4323
ECH 4403,Separation and Mass Transfer Operations,Chemical Engineering,ECH 3101; ECH 3203; ECH 3223,
ECH 4404L,Separation and Mass Transfer Operations Laboratory,Chemical Engineering,ECH 4403; ECH 4224L; ECH 4714,
ECH 4504,Chemical Kinetics and Reactor Design,Chemical Engineering,ECH 3264; ECH 4123,
ECH 4524,Heterogeneous Chemical Kinetics Reactor Design,Chemical Engineering,ECH 4504,
ECH 4604,Process Economics and Optimization,Chemical Engineering,ECH 3203; ECH 3223,ECH 4403
ECH 4644,Process Design,Chemical Engineering,ECH 4403; ECH 4504; ECH 4604; ECH 4824,
ECH 4714,Chemical Process Safety,Chemical Engineering,ECH 3101; ECH 3203; ECH 3223,
ECH 4742,Bioprocess Engineering and Bioseparations,Chemical Engineering,BME 2402,
ECH 4744,Pharmaceutical Bioengineering,Chemical Engineering,BME 2402; BSC 2010; CHM 2046; CHM 2096; CHM 2051,
ECH 4824,Materials of Chemical Engineering,Chemical Engineering,ECH 3264,
ECH 4827,Processing of Complex Fluids,Chemical Engineering,ECH 3203; ECH 3223; ECH 4123; ECH 4824,
ECH 4905,Special Problems in Chemical Engineering,Chemical Engineering,,
ECH 4912,Integrated Product and Process Design 1,Chemical Engineering,,
ECH 4913,Integrated Product and Process Design 2,Chemical Engineering,,
ECH 4944,Practical Work in Chemical Engineering,Chemical Engineering,,
ECH 4948,Internship Work Experience,Chemical Engineering,,
ECH 4949,Co-op Work Experience,Chemical Engineering,,
EEE 2000,Technology and Its Impact on Society,Electrical & Computer Engineering,,
EEE 3308C,Electronic Circuits 1,Electrical & Computer Engineering,EEL 3111C,
EEE 3396,Solid-State Electronic Devices,Electrical & Computer Engineering,EEL 3008,
EEE 3773,Introduction to Machine Learning,Electrical & Computer Engineering,EEL 3135,
EEE 4222,Resonant MEMS,Electrical & Computer Engineering,EEE 3396C,
EEE 4260,Bioelectrical Systems,Electrical & Computer Engineering,,
EEE 4306,Electronic Circuits 2,Electrical & Computer Engineering,EEE 3308C; EEL 3008; EEL 3112,
EEE 4310,VLSI Circuits and Technology 1,Electrical & Computer Engineering,EEE 3308C; EEL 3701C,
EEE 4329,Future of Microelectronics Technology,Electrical & Computer Engineering,EEE 3396C,
EEE 4331,Microelectronic Fabrication Technologies,Electrical & Computer Engineering,EEE 3396C,
EEE 4373,Radio Frequency Integrated Circuits 1,Electrical & Computer Engineering,EEE 3308C,
EEE 4375,Introduction to RF Circuits,Electrical & Computer Engineering,EEE 3308C; EEL 3472,
EEE 4404,Mixed Signal IC Testing I,Electrical & Computer Engineering,EEE 3308C; EEL 3701C,
EEE 4414,Modern Memory Device Technologies,Electrical & Computer Engineering,EEE 3396C,
EEE 4420,Introduction to Nanodevices,Electrical & Computer Engineering,EEE 3396C,
EEE 4423,Introduction to Quantum Computing,Electrical & Computer Engineering,EEE 3396; MAS 3114; EEL 3850,
EEE 4511C,Real Time Digital Signal Processing Applications,Electrical & Computer Engineering,EEL 3135,
EEE 4701,Automated Hardware/Software Verification,Electrical & Computer Engineering,COP 3530,
EEE 4714,Introduction to Hardware Security and Trust,Electrical & Computer Engineering,EEL 4712C,
EEE 4720,Acoustics,Electrical & Computer Engineering,MAP 2302; EEL 3111C; EEL 3003,
EEE 4740,Physical Attacks and Inspection of Electronics,Electrical & Computer Engineering,,
EEE 4773,Fundamentals of Machine Learning,Electrical & Computer Engineering,EEL 3135; EEL 3850,
EEE 4800,"Neural Signals, Systems, and Technology",Electrical & Computer Engineering,EEL 3850,
EEL 3000,Introduction to Electrical Engineering,Electrical & Computer Engineering,MAC 2311,
EEL 3003,Elements of Electrical Engineering,Engineering (General),MAC 2313; PHY 2049,
EEL 3008,Physics of Electrical Engineering,Electrical & Computer Engineering,EEL 3111C; MAC 2313; MAP 2302,
EEL 3111C,Circuits 1,Electrical & Computer Engineering,MAC 2312; PHY 2049,
EEL 3112,Circuits 2,Electrical & Computer Engineering,EEL 3000; EEL 3111C; EGN 2020C; MAP 2302,
EEL 3135,Introduction to Signals and Systems,Electrical & Computer Engineering,MAC 2313,
EEL 3211C,Basic Electric Energy Engineering,Electrical & Computer Engineering,EEL 3008,
EEL 3402,"Remote Sensing in Engineering: Science, Sensors and Applications",Electrical & Computer Engineering,MAP 2302,
EEL 3472,Fundamentals of Electromagnetic Fields,Electrical & Computer Engineering,EEL 3008,
EEL 3701C,Digital Logic and Computer Systems,Electrical & Computer Engineering,,
EEL 3834,Programming for Electrical Engineering 1,Electrical & Computer Engineering,,
EEL 3850,Data Science for ECE,Electrical & Computer Engineering,MAC 2312,
EEL 3872,Artificial Intelligence Fundamentals,Engineering (General),,
EEL 3923C,Electrical Engineering Design 1,Electrical & Computer Engineering,EEE 3308C; EEL 3112; EEL 3701C,
EEL 4242C,Power Electronic Circuits,Electrical & Computer Engineering,EEL 3308,
EEL 4248,Fundamentals of RF and Power Electronic Devices,Electrical & Computer Engineering,EEE 3396C,
EEL 4251,Power System Analysis,Electrical & Computer Engineering,EEL 3211C,
EEL 4271,Power System Protection,Electrical & Computer Engineering,EEL 4251,
EEL 4287,Smart Grid for Sustainable Energy,Electrical & Computer Engineering,EEL 4657C,
EEL 4403,Computational Photography,Electrical & Computer Engineering,EEL 3135,
EEL 4412,Applied Magnetics and Magnetic Materials,Electrical & Computer Engineering,EEL 3008,
EEL 4421,RF/Microwave Passive Circuits,Electrical & Computer Engineering,EEL 3472C,
EEL 4440,Optical Communication Systems,Electrical & Computer Engineering,EEE 3396C; EEL 3472C,
EEL 4446,Laser Theory and Design,Electrical & Computer Engineering,EEL 3008,
EEL 4458,Fundamentals of Photonics,Electrical & Computer Engineering,EEL 3472C; EEE 3396C,
EEL 4461,Antenna Systems,Electrical & Computer Engineering,EEL 3472C,
EEL 4473,Electromagnetic Fields and Applications,Electrical & Computer Engineering,EEL 3472C,
EEL 4495,Lightning,Electrical & Computer Engineering,EEL 3472C,
EEL 4514C,Communication Systems and Components,Electrical & Computer Engineering,EEL 3112; EEL 3850,
EEL 4516,Noise in Devices and Communication Systems,Electrical & Computer Engineering,,EEL 4514C
EEL 4523,Audio Engineering,Electrical & Computer Engineering,EEL 3111C; EEL 3003,
EEL 4540,Introduction to Radar,Electrical & Computer Engineering,EEL 4514C,
EEL 4598,Computer Communications,Electrical & Computer Engineering,EEL 3834; COP 3503C; COP 3504C; COP 2274,
EEL 4599,Wireless and Mobile Networks,Electrical & Computer Engineering,EEL 3701C,
EEL 4610,State Variable Methods in Linear Systems,Electrical & Computer Engineering,EEL 4657C,
EEL 4651,Control of Biological Systems,Electrical & Computer Engineering,BSC 2005; EEL 4657C; EEL 4610; EEL 3135,
EEL 4657C,Linear Control Systems,Electrical & Computer Engineering,EEL 3112; EEL 3850,
EEL 4665C,Intelligent Machines Design Laboratory,Electrical & Computer Engineering,EML 3005,
EEL 4712C,Digital Design,Electrical & Computer Engineering,EEL 3701C,
EEL 4713C,Digital Computer Architecture,Electrical & Computer Engineering,EEL 3701C; EEL 4712C,
EEL 4720,Reconfigurable Computing,Electrical & Computer Engineering,EEL 4712C,
EEL 4732,Advanced Systems Programming,Electrical & Computer Engineering,EEL 3701C; COP 2271; COP 2273; COP 2274; COP 3502C; COP 3503C; COP 3504C; EEL 3834; COP 4600,
EEL 4736,Principles of Computer System Design,Electrical & Computer Engineering,EEL 4712C; EEL 3834; COP 3503C; COP 3504C; COP 2274,
EEL 4744C,Microprocessor Applications,Electrical & Computer Engineering,EEL 3701C; EEL 3834; COP 3503C; COP 3504C; COP 2274,
EEL 4745C,Microprocessor Applications 2,Electrical & Computer Engineering,EEL 3744C,
EEL 4750,Foundations of Digital Signal Processing,Electrical & Computer Engineering,EEL 3135,
EEL 4837,Programming for Electrical Engineering 2,Electrical & Computer Engineering,EEL 3834; COP 2274; COP 3503C; COP 3504C,
EEL 4853,Cross Layered System Security,Electrical & Computer Engineering,EEL 3834; COP 3503C; COP 3504C; COP 2274; EEL 4736,
EEL 4905,Individual Problems in Electrical Engineering,Electrical & Computer Engineering,,
EEL 4912,Integrated Product and Process Design 1,Electrical & Computer Engineering,EEE 3308C; EEL 3701C,
EEL 4913,Integrated Product and Process Design 2,Electrical & Computer Engineering,EEL 4912,
EEL 4924C,Electrical Engineering Design 2,Electrical & Computer Engineering,EEL 3923C,
EEL 4930,Special Topics in Electrical Engineering,Electrical & Computer Engineering,,
EEL 4948,Practical Work in Electrical and Computer Engineering,Electrical & Computer Engineering,EEL 3111C; EEL 3701C,
EEL 4949,Co-op Work Experience,Electrical & Computer Engineering,,
EES 3008,Energy and Environment,Environmental Eng. Sciences,,
EES 3206,Environmental Chemistry,Environmental Eng. Sciences,CHM 2046; CHM 2096; MAC 2311,
EES 4005C,Ecological Engineering,Environmental Eng. Sciences,CHM 2046; CHM 2096,EES 4203
EES 4050,Environmental Planning and Design,Environmental Eng. Sciences,,
EES 4102,Wastewater Microbiology,Environmental Eng. Sciences,CHM 2046,
EES 4201,Water Chemistry,Environmental Eng. Sciences,CHM 2046; CHM 2096; MAC 2311; MAC 2233,
EES 4203,Phase Partitioning in the Environment,Environmental Eng. Sciences,CHM 2046; CHM 2096,
EGM 2511,Engineering Mechanics: Statics,Mechanical & Aerospace Engineering,PHY 2048,MAC 2313
EGM 3344,Introduction to Numerical Methods of Engineering Analysis,Mechanical & Aerospace Engineering,MAC 2313; COP 2271,MAP 2302
EGM 3400,Elements of Dynamics,Engineering (General),EGM 2511; MAC 2313,
EGM 3401,Engineering Mechanics: Dynamics,Mechanical & Aerospace Engineering,EGM 2511; MAC 2313,
EGM 3520,Mechanics of Materials,Mechanical & Aerospace Engineering,EGM 2511; MAC 2313,
EGM 4585,Modeling and Control of Biomolecular Machines,Mechanical & Aerospace Engineering,MAP 2302,
EGM 4590,Biodynamics,Mechanical & Aerospace Engineering,EGM 3400; EGM 3401,
EGM 4592,Bio-Solid Mechanics,Mechanical & Aerospace Engineering,EGM 3520,
EGM 4853,Bio-Fluid Mechanics and Bio-Heat Transfer,Mechanical & Aerospace Engineering,EGN 3353C,
EGN 1935,Special Topics in Freshman Engineering,Biomedical Engineering,,
EGN 2020C,Engineering Design & Society,Engineering (General),,
EGN 3353C,Fluid Mechanics,Mechanical & Aerospace Engineering,MAC 2313; EGM 2511; EML 3100; EML 3007; BME 3060,
EGN 4641,Engineering Entrepreneurship,Engineering (General),,
EGN 4643,Engineering Innovation,Engineering (General),,
EGN 4912,Engineering Directed Independent Research,Agricultural & Biological Eng.,,
EGN 4930,Sales Engineer Seminar,Industrial & Systems Engineering,,
EGN 4932,Special Topics,Engineering (General),,
EGN 4940,NSF Fellowship Preparation,Engineering (General),,
EGN 4949,Engineering Internship/Co-op,Engineering (General),,
EGN 4951,Integrated Product and Process Design 1,Engineering (General),,
EGN 4952,Integrated Product and Process Design 2,Engineering (General),EGN 4951,
EGN 4956,International Studies in Engineering,Engineering (General),,
EGS 1006,Introduction to Engineering,Industrial & Systems Engineering,,
EGS 2036,Fundamentals of the New Engineer,Engineering (General),,
EGS 4034,Engineering Ethics and Professionalism,Engineering (General),,
EGS 4038,Engineering Leadership,Engineering (General),,
EGS 4100,Divergent Thinking,Engineering (General),,
EGS 4619,Agile Project Management for Engineers and Scientists,Engineering (General),,
EGS 4625,Fundamentals of Engineering Project Management,Engineering (General),,
EGS 4680,Advanced Engineering Leadership Development,Engineering (General),EGS 4038,
EIN 2002,Introduction to Industrial and Systems Engineering,Industrial & Systems Engineering,,
EIN 3241,Human Factors & Ergonomics,Industrial & Systems Engineering,ESI 3215C,
EIN 3354,Engineering Economy,Industrial & Systems Engineering,MAC 2312,
EIN 4210,Occupational Safety Engineering,Industrial & Systems Engineering,PHY 2049; ESI 3215C,
EIN 4242C,Workplace Ergonomics and Biomechanics,Industrial & Systems Engineering,EIN 3241; EGM 2511,
EIN 4245,Human Factors Applications,Industrial & Systems Engineering,EIN 3241; ESI 3215C,
EIN 4335,Senior Design Project,Industrial & Systems Engineering,ESI 3312; ESI 4313; ESI 4523; ESI 4356; EIN 3354; EGS 4034,
EIN 4343,Inventory and Supply Chain Systems,Industrial & Systems Engineering,ESI 3312,
EIN 4360,Facility Planning and Material Handling,Industrial & Systems Engineering,ESI 3312; EML 2023,
EIN 4451,Lean Production Systems,Industrial & Systems Engineering,ESI 3312; ESI 3215C,
EIN 4905,Special Problems in Industrial and Systems Engineering,Industrial & Systems Engineering,,
EIN 4912,Integrated Product and Process Design 1,Industrial & Systems Engineering,EIN 4354; EIN 4360C,ESI 4221C
EIN 4913,Integrated Product and Process Design 2,Industrial & Systems Engineering,EGS 4034,
EIN 4937,Industrial and Systems Engineering Seminar,Industrial & Systems Engineering,,
EIN 4944,Practical Work in Industrial and Systems Engineering,Industrial & Systems Engineering,EGS 4034,
EMA 1004,Materials Impact on Society,Materials Science & Engineering,,
EMA 3000L,Sophomore Materials Laboratory,Materials Science & Engineering,,EMA 3010
EMA 3010,Materials,Materials Science & Engineering,CHM 2045; CHM 2095,
EMA 3011,Fundamental Principles of Materials,Materials Science & Engineering,EMA 3010,
EMA 3013C,Materials Laboratory 2,Materials Science & Engineering,EMA 3080C,
EMA 3050,Introduction to Inorganic Materials,Materials Science & Engineering,EMA 3011,
EMA 3066,Introduction to Organic Materials,Materials Science & Engineering,EMA 3010; BME 3101,
EMA 3080C,Materials Laboratory 1,Materials Science & Engineering,EMA 3000L; EMA 3800,
EMA 3413,Electronic Properties of Materials,Materials Science & Engineering,EMA 3011,
EMA 3513C,Analysis of the Structure of Materials,Materials Science & Engineering,EMA 3010,
EMA 3800,Error Analyses and Optimization Methodologies in Materials Research,Materials Science & Engineering,,EMA 3010; COP 2271; COP 2273
EMA 4020L,Metallurgy Laboratory,Materials Science & Engineering,EMA 3050,EMA 4120
EMA 4041L,Advanced Ceramics Laboratory 1,Materials Science & Engineering,,EMA 4645
EMA 4061,Biomaterials: Structure and Properties,Materials Science & Engineering,,EMA 3066
EMA 4061L,Biomaterials Laboratory,Materials Science & Engineering,,EMA 4061
EMA 4062,"Biopolymers: Manufacture, Stability and Biocompatibility",Materials Science & Engineering,EMA 3066,
EMA 4120,Physical Metallurgy 1,Materials Science & Engineering,EMA 3050,
EMA 4121,Interfacial Engineering,Materials Science & Engineering,EMA 3050; EMA 3066; EMA 3413,
EMA 4125,Kinetics of Materials,Materials Science & Engineering,EMA 4314,
EMA 4144,Physical Ceramics 1,Materials Science & Engineering,EMA 3050,
EMA 4145,Physical Ceramics 2,Materials Science & Engineering,EMA 3050,
EMA 4161,Physical Properties of Polymers,Materials Science & Engineering,EMA 3066; EMA 3513C,
EMA 4161L,Polymers Laboratory,Materials Science & Engineering,,EMA 4161
EMA 4223,Mechanical Behavior of Materials,Materials Science & Engineering,EGM 3520,
EMA 4224,Physical Metallurgy 2,Materials Science & Engineering,EMA 4120; EMA 4223,
EMA 4314,Thermodynamics of Materials,Materials Science & Engineering,EMA 3010; MAP 2302,
EMA 4324,Stability of Materials,Materials Science & Engineering,EMA 4314,
EMA 4414L,Electronic Materials Laboratory,Materials Science & Engineering,,EMA 4614
EMA 4450,Li-ion Next Generation Batteries,Mechanical & Aerospace Engineering,EGM 3520; EMA 3010,
EMA 4462,Polymer Characterization,Materials Science & Engineering,EMA 3066,
EMA 4535,Sustainable Nanotechnology,Environmental Eng. Sciences,CHM 2046; CHM 2047; CHM 2096,
EMA 4614,Production of Electronic Materials,Materials Science & Engineering,EMA 3413,
EMA 4615,Compound Semiconductor Materials,Materials Science & Engineering,EEE 3396C,
EMA 4623,Process Metallurgy,Materials Science & Engineering,,EMA 4120
EMA 4645,Processing of Ceramic Materials,Materials Science & Engineering,EMA 3050,
EMA 4666,Polymer Processing,Materials Science & Engineering,EMA 3066,
EMA 4714,Materials Selection and Failure Analysis,Materials Science & Engineering,EMA 4223; EMA 4324,
EMA 4905,Individual Work,Materials Science & Engineering,,
EMA 4913,Research in Materials Science and Engineering 1,Materials Science & Engineering,,
EMA 4914,Research in Materials Science and Engineering 2,Materials Science & Engineering,,
EMA 4915,Integrated Product and Process Design Program 1,Materials Science & Engineering,,
EMA 4916,Integrated Product and Process Design Program 2,Materials Science & Engineering,,
EMA 4935,Special Topics,Materials Science & Engineering,,
EMA 4949,Co-Op Work Experience,Materials Science & Engineering,,
EML 2023,Computer Aided Graphics and Design,Mechanical & Aerospace Engineering,,
EML 2322L,Design and Manufacturing Laboratory,Mechanical & Aerospace Engineering,,
EML 2920,Department and Professional Orientation,Mechanical & Aerospace Engineering,,
EML 3005,Mechanical Engineering Design 1,Mechanical & Aerospace Engineering,COP 2271; EML 2322L; EGM 3520; EGM 3401,
EML 3007,Elements of Thermodynamics and Heat Transfer,Engineering (General),CHM 2045; MAC 2313; PHY 2048,
EML 3100,Thermodynamics,Mechanical & Aerospace Engineering,CHM 2045; CHM 2095; MAC 2313; PHY 2048,
EML 3301C,Mechanics of Materials Laboratory,Mechanical & Aerospace Engineering,EMA 3010; EGM 3520; COP 2271; ENC 2256,
EML 4140,Heat Transfer,Mechanical & Aerospace Engineering,MAP 2302; EAS 4101; EGN 3353C,
EML 4147C,Thermal Sciences Design and Laboratory,Mechanical & Aerospace Engineering,EML 3100; EML 3301C; EML 4140,
EML 4220,Vibrations,Mechanical & Aerospace Engineering,EGM 3344; EGM 3401; EGM 3520; MAP 2302,
EML 4285,Off-Highway Vehicle Design,Mechanical & Aerospace Engineering,EGM 3520,
EML 4292,Microfluidics and BioMEMS,Mechanical & Aerospace Engineering,EGN 3353C,
EML 4312,Control of Dynamic Systems,Mechanical & Aerospace Engineering,EGM 3401; EGM 3344; MAP 2302,
EML 4314C,Dynamics and Controls System Design Laboratory,Mechanical & Aerospace Engineering,EML 3301C; EML 4312,
EML 4321,Manufacturing Engineering,Mechanical & Aerospace Engineering,EMA 3010; EML 2322L; EML 3005,
EML 4416,Solar Energy Utilization,Mechanical & Aerospace Engineering,EML 3100,
EML 4450,Energy Conversion,Mechanical & Aerospace Engineering,EML 3100; EGN 3353C; EML 4140,
EML 4461,Industrial Energy Management,Mechanical & Aerospace Engineering,EML 3100,
EML 4500C,Reengineering Historic Machinery,Mechanical & Aerospace Engineering,EML 2322L; EML 3005; EML 3100,
EML 4501,Mechanical Engineering Design 2,Mechanical & Aerospace Engineering,EML 4140; EGN 3353C; EML 2322L; EML 3005; EGM 3401,
EML 4502,Mechanical Engineering Design 3,Mechanical & Aerospace Engineering,EML 4501; EAS 4700; EAS 4710,EML 4321
EML 4507,Finite Element Analysis and Design,Mechanical & Aerospace Engineering,EGM 3344; EGM 3520; MAP 2302,
EML 4535C,Automation in Production Engineering,Mechanical & Aerospace Engineering,EML 4501,
EML 4600,Refrigeration and Air Conditioning Fundamentals,Mechanical & Aerospace Engineering,EML 3100,
EML 4601,Heating and Air Conditioning System Design,Mechanical & Aerospace Engineering,EML 3100,
EML 4722,Introduction to Computational Fluid Dynamics,Mechanical & Aerospace Engineering,EAS 4101; EGN 3353C,
EML 4737,Hydronics and Pneumatics for Building Systems,Mechanical & Aerospace Engineering,EGN 3353C,
EML 4842,Autonomous Vehicles,Mechanical & Aerospace Engineering,COP 2271; COP 2273; COP 2274,
EML 4905,Individual Study in Mechanical Engineering,Mechanical & Aerospace Engineering,,
EML 4912,Integrated Product and Process Design 1: Mechanical Engineering,Mechanical & Aerospace Engineering,EGN 3353C; EGM 3401; EML 3005; EML 3301C,
EML 4913,Integrated Product and Process Design 2: Mechanical Engineering,Mechanical & Aerospace Engineering,EML 4912,
EML 4914,Undergraduate Realization Thesis,Mechanical & Aerospace Engineering,,
EML 4926,Mechanical Consulting Practice,Mechanical & Aerospace Engineering,,
EML 4930,Special Topics in Mechanical Engineering,Mechanical & Aerospace Engineering,,
EML 4945,Practical Work in Mechanical Engineering,Mechanical & Aerospace Engineering,,
EML 4949,Co-op Work Experience,Mechanical & Aerospace Engineering,,
ENV 2003,Introduction to Environmental Engineering,Environmental Eng. Sciences,,
ENV 3000,Core 2: Fundamentals of Environmental Engineering,Environmental Eng. Sciences,ENV 3001,
ENV 3001,Core 1: Introduction to Environmental Systems,Environmental Eng. Sciences,PHY 2048; CHM 2045; CHM 2095; MAC 2312,
ENV 3040C,Computational Methods in Environmental Engineering,Environmental Eng. Sciences,COP 2273,
ENV 3930,Environmental Engineering Ethics,Environmental Eng. Sciences,ENC 1101; ENC 1102,
ENV 4009,Core 5: Environmental Engineering Practice,Environmental Eng. Sciences,ENV 4454,
ENV 4041C,Environmental Analysis,Environmental Eng. Sciences,CHM 2046; CHM 2096,
ENV 4101,Elements of Atmospheric Pollution,Environmental Eng. Sciences,EES 4203; PHY 2049,
ENV 4121,Air Pollution Control Design,Environmental Eng. Sciences,ENV 4101,
ENV 4300,Solid Waste Containment Design,Environmental Eng. Sciences,ENV 4351,CWR 4202
ENV 4351,Solid and Hazardous Waste Management,Environmental Eng. Sciences,EES 4201,
ENV 4353,Solid Waste Systems Design,Environmental Eng. Sciences,ENV 4351,
ENV 4405,Nutrient Control and Water Reuse,Environmental Eng. Sciences,,
ENV 4411,Stormwater Control Systems,Environmental Eng. Sciences,,
ENV 4430,Water Treatment Process Design,Environmental Eng. Sciences,ENV 4514C; EES 4201,
ENV 4432,Potable Water System Design,Environmental Eng. Sciences,EES 4201; ENV 4514C,
ENV 4453,Core 3: Processes in Environmental Engineering,Environmental Eng. Sciences,ENV 3000,
ENV 4454,Core 4: Environmental Engineering Applications,Environmental Eng. Sciences,ENV 4453,
ENV 4501,Environmental Hydrology 1,Environmental Eng. Sciences,ENV 3040C; STA 3032; STA 2023; CWR 3201; EGN 3353C,
ENV 4506,Environmental Hydrology 2,Environmental Eng. Sciences,ENV 3040C; CWR 3201; EGN 3353C,
ENV 4514C,Water and Wastewater Treatment,Civil & Coastal Engineering,,
ENV 4532,Wastewater System Design,Environmental Eng. Sciences,ENV 4514C,CWR 4202
ENV 4545,Environmental Hydrology,Environmental Eng. Sciences,ENV 3040C; CGN 3421; CWR 3201; EGN 3353C,
ENV 4601,Environmental Resources Management,Environmental Eng. Sciences,ENV 3001,
ENV 4892,Environmental Engineering Design 1,Environmental Eng. Sciences,ENV 4453,
ENV 4893,Environmental Engineering Design 2,Environmental Eng. Sciences,ENV 4892,
ENV 4905,Individual Studies in Environmental Engineering Sciences,Environmental Eng. Sciences,,
ENV 4912,Integrated Product and Process Design 1: Environmental Engineering Sciences,Environmental Eng. Sciences,ENV 4514C,ENV 4121; ENV 4351
ENV 4913,Integrated Product and Process Design 2: Environmental Engineering Sciences,Environmental Eng. Sciences,ENV 4912,
ENV 4932,Special Problems in Environmental Engineering Sciences,Environmental Eng. Sciences,,
ENV 4949,Environmental Engineering Internship/Co-op,Environmental Eng. Sciences,,
EOC 4851,Coastal Resilience and Engineering with Nature,Civil & Coastal Engineering,CWR 3201,
EOC 4852,Coastal Dynamics and Engineering Applications,Civil & Coastal Engineering,CWR 3201,
ESI 3215C,Data Anal. for Indus. Apps.,Industrial & Systems Engineering,MAC 2312,
ESI 3312,Operations Research 1,Industrial & Systems Engineering,ESI 3327C,
ESI 3327C,Matrix and Numerical Methods in Systems Engineering,Industrial & Systems Engineering,MAC 2313; MAS 3114,
ESI 4221C,Industrial Quality Control,Industrial & Systems Engineering,ESI 3215C,
ESI 4313,Operations Research 2,Industrial & Systems Engineering,ESI 3327C; ESI 3215C,
ESI 4317,Advanced Topics in Operations Research,Industrial & Systems Engineering,ESI 3312; ESI 4313,
ESI 4356,Decision Support Systems for Industrial and Systems Engineers,Industrial & Systems Engineering,,ESI 3312
ESI 4523,Industrial Systems Simulation,Industrial & Systems Engineering,ESI 3215C,
ESI 4610,Introduction to Data Analytics,Industrial & Systems Engineering,ESI 3215C,
ESI 4611,Advanced Data Analytics,Industrial & Systems Engineering,ESI 4610,
ESI 4614,Decision Analytics Design,Industrial & Systems Engineering,ESI 3312; ESI 4610; COP 2273,
ESI 4949,Co-Op Work Experience,Industrial & Systems Engineering,EGS 4034,
IDC 4710,Virtual Reality for the Social Good,Computer & Info. Science & Eng.,,
TTE 4004C,Transportation Engineering,Civil & Coastal Engineering,,
TTE 4106,Urban Transportation Planning,Civil & Coastal Engineering,TTE 4004C,
TTE 4201,Traffic Engineering,Civil & Coastal Engineering,TTE 4004C,
TTE 4203,Highway Capacity Analysis,Civil & Coastal Engineering,TTE 4004C,
TTE 4300,Transportation Systems Analysis,Civil & Coastal Engineering,TTE 4004C,
TTE 4824,Transportation Facility Design,Civil & Coastal Engineering,TTE 4004C,
